{
  "facts": [
    {"ID": 1, "text":"Один из самых длинных в мире садовых лабиринтов образуют более 16 000 деревьев.", "desc": "Ранние садовые украшения такого типа не были рассчитаны на долгие поиски пути к центру или к выходу: зелёный лабиринт представлял собой всего лишь уникурсальную дорожку для уединённых прогулок, способствующую философским размышлениям и медитативному созерцанию."},
    {"ID": 2, "text":"Устойчивый стереотип межнационального восприятия в США более 130 лет связан с арбузом.", "desc": "Арбу́зный стереоти́п — феномен «стереотипа» как понятия, включающего в себя представления одной нации о другой нации в целом. Стереотип, существовавший среди американцев европейского происхождения, который до сих пор встречается в обществе, о якобы повышенной любви афроамериканцев к арбузам. Восходит ко временам рабства в США, и в расистских кругах культивируется до сих пор"},
    {"ID": 3, "text":"Финалист Кубка Англии, игравший персонально против Криштиану Роналду, ныне работает в Лондонском метро.", "desc": "Главный матч в жизни Райана предсказуемо закончился победой «Манчестер Юнайтед»: 3:0 и победный гол Роналду. Тем же летом Райан уехал из «Миллуолла» и провел еще несколько лет, болтаясь по командам из английского подземелья – от «Бристоль Роверс» до «Уэллинг Юнайтед». Но самое интересное началось позже: завершив карьеру в 2008-м, Робби неожиданно обнаружил себя в абсолютно других декорациях."},
    {"ID": 4, "text":"За татуировки и причёску будущий музыкант был отстранён от футбола.", "desc": "Кристиан Олде Волберс (нидерл. Christian Olde Wolbers, 5 августа 1972, Антверпен) — бельгийский музыкант и продюсер. В настоящее время является участником метал-групп Vio-Lence и Powerflo, где играет на бас-гитаре. Наибольшую известность Волберс получил, будучи в составе индастриал-метал-группы Fear Factory, в составе которых он записал пять альбомов, из них три в качестве бас-гитариста (трилогия Demanufacture — Obsolete — Digimortal), а в двух он играл на основной гитаре (Archetype и Transgression). После Fear Factory появлялся в разных группах, а также занимался продюсерством, иногда используя псевдоним «The Edgecrusher». Кроме работы в студии и живых выступлений, участвовал в записи саундтреков для фильмов и видеоигр."},
    {"ID": 5, "text":"Греческий огонь, вилку, корабельную мельницу (на илл.) и разделение сиамских близнецов придумали в Византии", "desc": ""},
    {"ID": 6, "text":"Во время вирусной пандемии программист придумал вирусную игру в слова.", "desc": "Концепция Wordle возникла в 2020-ом году, с началом пандемии. Идея принадлежит бруклинскому программисту Джошу Уордлу, в родном написании — Wardle. Переиначив собственную фамилию, разработчик и придумал название проекта. А посвящена задумка возлюбленной Джоша. Зная, что девушка увлекается играми в слова, он придумал для нее развлечение в локдаун. Джош поделился демо-версией Wordle с родственниками в WhatsUp. Те моментально втянулись и поддержали задумку. Тогда разработчик понял, что концепция имеет потенциал и начал продвигать игру в массы. Так на семейной кухне началась история всемирно популярного проекта."},
    {"ID": 7, "text":"За исполнение сальто на соревнованиях по фигурному катанию баллы не прибавят, а снимут.", "desc": "по мнению некоторых чиновников, элемент выглядел чересчур вызывающе и нарушал эстетику фигурного катания. Также считалось, что такое решение было принято из-за официальных правил, по которым все прыжки в фигурном катании должны приземляться на одну ногу Об этом сообщает \"Рамблер\"."},
    {"ID": 8, "text":"Имя и пол автора популярной манги публике неизвестны.", "desc": "Гэгэ Акутами (яп. 芥見 下々 Акутами Гэгэ) — японский мангака. Родился в префектуре Ивате. Является автором известной манги «Магическая битва». Гэгэ Акутами — это криптоним, а настоящее имя и пол автора неизвестны."},
    {"ID": 9, "text":"Порой пасхалки в компьютерных программах появляются из желания авторов защитить свою интеллектуальную собственность.", "desc": ""},
    {"ID": 10, "text":"Пустынный динозавр передвигался, балансируя на одних только центральных пальцах, подобно страусам и тушканчикам.", "desc": ""},
    {"ID": 11, "text":"Чтобы сделать тюремную песню понятной, «король русского шансона» приложил к альбому глоссарий.", "desc": "«Ко́льщик» — песня Михаила Круга, одна из самых известных его композиций, считающаяся классикой русского шансона"},
    {"ID": 12, "text":"Пластилиновые персонажи из анимационного видеоклипа стали экспонатами Зала славы рок-н-ролла.", "desc": ""},
    {"ID": 13, "text":"Книга о приключениях Мюнхгаузена вышла в России с названием \"Не любо — не слушай, а лгать не мешай\"", "desc": ""},
    {"ID": 14, "text":"Меховой комбинат получил орден за снабжение Красной армии унтами, сапогами и шапками.", "desc": ""},
    {"ID": 15, "text":"По сообщению хрониста, нортумбрийцы убили своего графа из-за метели.", "desc": ""},
    {"ID": 16, "text":"Для особого привкуса анальные выделения листоблошек добавляют в персидскую нугу.", "desc": "Гяз (перс. گز\u200E) — традиционное название персидской нуги, происходящей из города Исфахана.\n\nСлово гяз ассоциируют с гяз-ангебин, что переводится как сок ангебина, одного из видов тамариска[1], произрастающего в горах Загрос к западу от Исфахана."},
    {"ID": 17, "text":"Японский геймдизайнер для записи голоса последнего босса в видеоигре заручился помощью своего кота.", "desc": "Синъя Кумадзаки (яп. 熊崎 信也 Кумадзаки Синъя, род. 21 мая 1979, Гифу, Япония) — японский режиссёр и геймдизайнер, сотрудник HAL Laboratory, который в настоящее время является генеральным директором серии игр Kirby."},
    {"ID": 18, "text":"Венецианский ювелир осуждал коррупцию в католической церкви от имени мёртвого друга и писал стихи от имени бандита.", "desc": ""},
    {"ID": 19, "text":"Названием музыкального альбома может стать всё что угодно.", "desc": ""},
    {"ID": 20, "text":"Для получения чёрных оливок их продувают воздухом.", "desc": ""},
    {"ID": 21, "text":"Заказчик заплатил художнику за картину деньгами, вырученными от продажи украденных бриллиантов.", "desc": "«Царство Флоры» — картина французского художника Никола Пуссена, написанная в 1631 году."},
    {"ID": 22, "text":"Выйдя замуж за английского рыцаря, шотландская графиня потеряла и титул, и графство.", "desc": "Изабелла (англ. Isabella; умерла между 1264 и 1272) — шотландская аристократка, графиня Ментейт, старшая дочь Муредаха II, графа Ментейта. После смерти первого мужа она вышла замуж за простого рыцаря, что вызвало недовольство шотландской знати. Родственники первого мужа обвинили Изабеллу в отравлении супруга, в результате чего она лишилась владений и была вынуждена уехать в Англию. Её попытки вернуть владения успехом не увенчались."},
    {"ID": 23, "text":"Богородский скульптор — автор памятников патриарху из Богородска, Пересвету в Пересвете и Пухову на площади Пухова.", "desc": ""},
    {"ID": 24, "text":"Дешёвый московский трактир был местом диспутов известных российских философов.", "desc": "desc24"}
  ]
}