{
  "phrases": [
    {"ID": 1, "isFavorite":true,"name":"Обращаясь к прошлому, мы поворачиваемся спиной к будущему."},
    {"ID": 2, "isFavorite":true,"name":"Как часто мы пользуемся своим умом для совершения глупостей."},
    {"ID": 3, "isFavorite":false,"name":"Ошибка — часть процесса обучения."},
    {"ID": 3, "isFavorite":false,"name":"Искусный мастер не оставляет следов."},
    {"ID": 4, "isFavorite":false,"name":"Радости полон мир для того, кто смотрит на всех без вражды и предубеждения."},
    {"ID": 5, "isFavorite":false,"name":"Мы живем в этом мире, если любим его."},
    {"ID": 6, "isFavorite":false,"name":"Смелым помогает судьба."},
    {"ID": 7, "isFavorite":false,"name":"Занозу, расшатанный зуб и дурного советчика надо удалять с корнем — вот условие покоя."},
    {"ID": 8, "isFavorite":true,"name":"Никогда не поздно поумнеть."},
    {"ID": 9, "isFavorite":false,"name":"Алмазы в грязи не тают."},
    {"ID": 10, "isFavorite":false,"name":"Нетерпимость в малом разрушает великий замысел."},
    {"ID": 11, "isFavorite":false,"name":"Думай больше о совести, чем о репутации."},
    {"ID": 12, "isFavorite":false,"name":"Если ныне нам плохо, то не всегда так будет и впредь."},
    {"ID": 13, "isFavorite":false,"name":"Самый презренный вид малодушия — это жалость к самому себе."},
    {"ID": 14, "isFavorite":false,"name":"Всему свое время."},
    {"ID": 15, "isFavorite":false,"name":"Познание начинается с удивления."},
    {"ID": 16, "isFavorite":false,"name":"Не пренебригай врагами: они первыми замечают твои ошибки."},
    {"ID": 17, "isFavorite":false,"name":"Из ничего ничто не возникает."},
    {"ID": 18, "isFavorite":false,"name":"Нельзя дважды войти в одну и туже реку."},
    {"ID": 19, "isFavorite":false,"name":"Побежденного обласкай и отнесись с уважением: у тебя будет еще один друг."},
    {"ID": 20, "isFavorite":false,"name":"Глупец, который знает свою глупость, тем самым уже мудр."},
    {"ID": 21, "isFavorite":false,"name":"Благородное счастье отвернется от счастья, построенного на несчастье других людей."},
    {"ID": 22, "isFavorite":false,"name":"Наставление — вместо ненависти. Улыбка — вместо презрения."},
    {"ID": 23, "isFavorite":false,"name":"Не жди от людей благодарности и не огорчайся, если тебя не благодарят."},
    {"ID": 24, "isFavorite":false,"name":"Reserved"},
    {"ID": 25, "isFavorite":false,"name":"Reserved"},
    {"ID": 26, "isFavorite":false,"name":"Reserved"},
    {"ID": 27, "isFavorite":false,"name":"Reserved"}
  ]
}